<?xml version="1.0" encoding="UTF-8" ?>
<parameters>
					<parameter name="randomSeed" displayName="Default Random Seed" type="int" 
						defaultValue="__NULL__"
						isReadOnly="false" 
						converter="repast.simphony.parameter.StringConverterFactory$IntConverter"
									
		/>
				<parameter name="num_tasks" displayName="Number of Tasks" type="int" 
						defaultValue="30" 
						isReadOnly="false" 
						converter="repast.simphony.parameter.StringConverterFactory$IntConverter"									
		/>
				<parameter name="acceptingTimeRegression" displayName="Accepting Time Regression" type="string" 
						defaultValue="-4.777,0.83098;0.05362,-0.0006073;0.09645,0.06624;-0.05985,-0.10327;-0.07155,0.18001;-0.0008997,-0.00529;0.02643,-0.06489;0.02531,0.00508;-0.03589,0.02342;7.180,1.139" 
						isReadOnly="false" 
		/>
				<parameter name="workingTimeRegression" displayName="Working Time Regression" type="string" 
						defaultValue="1.208,0.53619;0.04501,-0.00870;0.14977,-0.04137;-0.13967,-0.15343;-0.28844,-0.08084;-0.00402,-0.00396;-0.03432,-0.03521;0.00306,0.00377;0.01872,0.00601;4.741,1.623" 
						isReadOnly="false" 
		/>
				<parameter name="accuracyRegression" displayName="Accuracy Regression" type="string" 
						defaultValue="-1.580,0.54765;0.03999,-0.09460;0.31065,-0.10372;0.13592,0.06203;-0.48186,0.52922;0.00338,-0.01212;-0.06305,-0.08359;-0.00748,-0.00358;0.05992,-0.01301;-8.710,8.969" 
						isReadOnly="false" 
		/>
				<parameter name="acceptanceRegression" displayName="Acceptance Regression" type="string" 
						defaultValue="0.59259,;-0.00347,;-0.05111,;-0.12778,;0,;0.0001235,;-0.00463,;0.00483,;-0.01401,;1.19,0.7613;" 
						isReadOnly="false" 
		/>
				<!-- <parameter name="taskParams" displayName="Tasks Parameters" type="string" 
						defaultValue="0.05,16,5,-1,1,90,8,3,1;" 
						isReadOnly="false" 
		/> -->
				<parameter name="taskParams" displayName="Tasks Parameters" type="string" 
						defaultValue="0.05,16,5,-1,-1,0,8,3,1;0.05,16,5,-1,-1,90,20,72,24;0.05,16,10,1,1,0,8,3,24;0.05,32,5,1,1,0,20,72,1;0.05,32,10,-1,1,90,8,72,1;0.05,32,10,1,-1,90,20,3,24;0.5,16,10,1,-1,0,20,72,1;0.5,16,10,-1,1,90,20,3,1;0.5,16,5,1,1,90,8,72,24;0.5,32,10,-1,-1,0,8,72,24;0.5,32,5,1,-1,90,8,3,1;0.5,32,5,-1,1,0,20,3,24;" 
						isReadOnly="false" 
		/>
				
				
				<parameter name="grid_height" displayName="Grid height" type="int" 
						defaultValue="50" 
						isReadOnly="false" 
						converter="repast.simphony.parameter.StringConverterFactory$IntConverter"
									
		/>
				<parameter name="grid_width" displayName="Grid Width" type="int" 
						defaultValue="100" 
						isReadOnly="false" 
						converter="repast.simphony.parameter.StringConverterFactory$IntConverter"
									
		/>
				<parameter name="requiredTime" displayName="Required Time" type="int" 
						defaultValue="20" 
						isReadOnly="false" 
						converter="repast.simphony.parameter.StringConverterFactory$IntConverter"
									
		/>
				<parameter name="num_agents_us" displayName="Number of Agents in US" type="int" 
						defaultValue="0" 
						isReadOnly="false" 
						converter="repast.simphony.parameter.StringConverterFactory$IntConverter"
									
		/>
				<parameter name="num_agents_ph" displayName="Number of Agents in PH" type="int" 
						defaultValue="0" 
						isReadOnly="false" 
						converter="repast.simphony.parameter.StringConverterFactory$IntConverter"
									
		/>
				<parameter name="num_agents_in" displayName="Number of Agents in IN" type="int" 
						defaultValue="0" 
						isReadOnly="false" 
						converter="repast.simphony.parameter.StringConverterFactory$IntConverter"
									
		/>
				<parameter name="num_agents_other" displayName="Number of Agents in Ohters" type="int" 
						defaultValue="300" 
						isReadOnly="false" 
						converter="repast.simphony.parameter.StringConverterFactory$IntConverter"
									
		/>
				<parameter name="num_requestors" displayName="Number of Requestors" type="int" 
						defaultValue="1" 
						isReadOnly="false" 
						converter="repast.simphony.parameter.StringConverterFactory$IntConverter"
									
		/>
				<parameter name="callFrequecy" displayName="Call Frequency" type="int" 
						defaultValue="60" 
						isReadOnly="false" 
						converter="repast.simphony.parameter.StringConverterFactory$IntConverter"
									
		/>
				<parameter name="stopTime" displayName="Stop Time" type="int" 
						defaultValue="10080" 
						isReadOnly="false" 
						converter="repast.simphony.parameter.StringConverterFactory$IntConverter"									
		/>
</parameters>


