<repast.simphony.visualization.engine.DefaultDisplayDescriptor>
  <name>A Display</name>
  <type>TWO_D</type>
  <styles>
    <entry>
      <string>crowdsourcing.Agent</string>
      <string>crowdsourcing.AgentStyle</string>
    </entry>
    <entry>
      <string>crowdsourcing.Task</string>
      <string>repast.simphony.visualization.editedStyle.EditedStyle2D</string>
    </entry>
    <entry>
      <string>crowdsourcing.Requestor</string>
      <string>crowdsourcing.AgentStyle</string>
    </entry>
  </styles>
  <editedStyles>
    <entry>
      <string>crowdsourcing.Agent</string>
      <null/>
    </entry>
    <entry>
      <string>crowdsourcing.Task</string>
      <string>crowdsourcing.Task.style_1.xml</string>
    </entry>
    <entry>
      <string>crowdsourcing.Requestor</string>
      <null/>
    </entry>
  </editedStyles>
  <netStyles>
    <entry>
      <string>servie_network</string>
      <string>repast.simphony.visualization.editedStyle.EditedEdgeStyle2D</string>
    </entry>
  </netStyles>
  <editedNetStyles>
    <entry>
      <string>servie_network</string>
      <string>servie_network.style_1.xml</string>
    </entry>
  </editedNetStyles>
  <frequency>ON_MOVE</frequency>
  <schedParams>
    <start>1.0</start>
    <interval>1.0</interval>
    <priority>-Infinity</priority>
    <duration>-1.0</duration>
    <frequency>REPEAT</frequency>
  </schedParams>
  <layoutClassName>foo.bar.baz</layoutClassName>
  <layoutProjection>grid_customer</layoutProjection>
  <layoutInterval>0</layoutInterval>
  <layerOrder>
    <entry>
      <string>crowdsourcing.Agent</string>
      <int>2</int>
    </entry>
    <entry>
      <string>crowdsourcing.Task</string>
      <int>0</int>
    </entry>
    <entry>
      <string>crowdsourcing.Requestor</string>
      <int>1</int>
    </entry>
  </layerOrder>
  <projections>
    <repast.simphony.scenario.data.ProjectionData>
      <id>grid_customer</id>
      <attributes/>
      <type>GRID</type>
    </repast.simphony.scenario.data.ProjectionData>
    <repast.simphony.scenario.data.ProjectionData>
      <id>servie_network</id>
      <attributes/>
      <type>NETWORK</type>
    </repast.simphony.scenario.data.ProjectionData>
  </projections>
  <valueLayers/>
  <visualizationProperties class="repast.simphony.visualization.UnitSizeLayoutProperties">
    <unitSize>15.0</unitSize>
  </visualizationProperties>
  <projectionDescriptors>
    <entry>
      <string>servie_network</string>
      <repast.simphony.visualization.engine.DefaultProjectionDescriptor>
        <proj reference="../../../../projections/repast.simphony.scenario.data.ProjectionData[2]"/>
        <props/>
      </repast.simphony.visualization.engine.DefaultProjectionDescriptor>
    </entry>
    <entry>
      <string>grid_customer</string>
      <repast.simphony.visualization.grid.GridProjectionDescriptor>
        <proj reference="../../../../projections/repast.simphony.scenario.data.ProjectionData"/>
        <props>
          <entry>
            <string>repast.simphony.visualization.grid.GridDecorator</string>
            <map>
              <entry>
                <string>UNIT_SIZE</string>
                <float>15.0</float>
              </entry>
              <entry>
                <string>SHOW</string>
                <boolean>false</boolean>
              </entry>
              <entry>
                <string>COLOR</string>
                <int>-16777216</int>
              </entry>
            </map>
          </entry>
        </props>
      </repast.simphony.visualization.grid.GridProjectionDescriptor>
    </entry>
  </projectionDescriptors>
  <props/>
  <backgroundColor>
    <red>255</red>
    <green>255</green>
    <blue>255</blue>
    <alpha>255</alpha>
  </backgroundColor>
</repast.simphony.visualization.engine.DefaultDisplayDescriptor>