<?xml version="1.0"?>
<sweep runs="1">

<parameter name="randomSeed" type="number" start="1" end="1" step="1"/>
<parameter name="num_tasks" type="number" start="30" end="30" step="1"/>

<!-- parameter name="acceptingTimeRegression" type="list" value_type="string" values="-4.777,0.83098;0.05362,-0.0006073;0.09645,0.06624;-0.05985,-0.10327;-0.07155,0.18001;-0.0008997,-0.00529;0.02643,-0.06489;0.02531,0.00508;-0.03589,0.02342;7.180,1.139"/-->
<!-- parameter name="workingTimeRegression" type="list" value_type="string" values="1.208,0.53619;0.04501,-0.00870;0.14977,-0.04137;-0.13967,-0.15343;-0.28844,-0.08084;-0.00402,-0.00396;-0.03432,-0.03521;0.00306,0.00377;0.01872,0.00601;4.741,1.623" /-->
<!-- parameter name="accuracyRegression" type="list" value_type="string" values="-1.580,0.54765;0.03999,-0.09460;0.31065,-0.10372;0.13592,0.06203;-0.48186,0.52922;0.00338,-0.01212;-0.06305,-0.08359;-0.00748,-0.00358;0.05992,-0.01301;-8.710,8.969"/-->

<!-- the best one -->
<parameter name="acceptingTimeRegression" type="list" value_type="string" values="-4.522,0.887;0.050,-0.001;0.092,0.065;-0.060,-0.111;-0.071,0.139;-0.001,-0.005;0.024,-0.063;0.021,0.005;-0.033,0.024;7.108,1.128"/>
<parameter name="workingTimeRegression" type="list" value_type="string" values="1.234,0.532;0.047,-0.009;0.143,-0.044;-0.138,-0.156;-0.250,-0.082;-0.004,-0.004;-0.035,-0.035;0.003,0.004;0.021,0.007;4.659,1.355" />
<parameter name="accuracyRegression" type="list" value_type="string" values="-1.673,0.530;0.036,-0.092;0.355,-0.095;0.163,0.063;-0.532,0.403;0.003,-0.010;-0.068,-0.086;-0.007,-0.004;0.055,-0.017;-8.736,8.301"/>
<parameter name="acceptanceRegression" type="list" value_type="string" values="0.59259,;-0.00347,;-0.05111,;-0.12778,;0,;0.0001235,;-0.00463,;0.00483,;-0.01401,;1.19,0.7613;"/>

<!-- task parameter for repeating & reposting -->
<!-- parameter name="taskParams" type="list" value_type="string" values="0.5,32,5,1,-1,0,8,24,12;0.5,32,5,1,1,0,8,24,12;"/-->
<!-- task parameter for screening and 5-factorial -->
<parameter name="taskParams" type="list" value_type="string" values="0.05,16,5,-1,-1,0,8,3,1;0.05,16,5,-1,-1,90,20,72,24;0.05,16,10,1,1,0,8,3,24;0.05,32,5,1,1,0,20,72,1;0.05,32,10,-1,1,90,8,72,1;0.05,32,10,1,-1,90,20,3,24;0.5,16,10,1,-1,0,20,72,1;0.5,16,10,-1,1,90,20,3,1;0.5,16,5,1,1,90,8,72,24;0.5,32,10,-1,-1,0,8,72,24;0.5,32,5,1,-1,90,8,3,1;0.5,32,5,-1,1,0,20,3,24;0.1,16,5,1,-1,0,8,3,12;0.1,16,5,1,-1,0,8.5,36,1;0.1,16,5,1,1,0,9,3,1;0.1,16,5,1,1,0,9.5,36,12;0.1,32,5,1,-1,0,10,3,1;0.1,32,5,1,-1,0,10.5,36,12;0.1,32,5,1,1,0,11,3,12;0.1,32,5,1,1,0,11.5,36,1;1,16,5,1,-1,0,12,3,1;1,16,5,1,-1,0,12.5,36,12;1,16,5,1,1,0,13,3,12;1,16,5,1,1,0,13.5,36,1;1,32,5,1,-1,0,14,3,12;1,32,5,1,-1,0,14.5,36,1;1,32,5,1,1,0,15,3,1;1,32,5,1,1,0,15.5,36,12;"/>
<!-- parameter name="taskParams" type="list" value_type="string" values="0.05,16,5,-1,-1,0,8,3,1;0.05,16,5,-1,-1,90,20,72,24;0.05,16,10,1,1,0,8,3,24;0.05,32,5,1,1,0,20,72,1;0.05,32,10,-1,1,90,8,72,1;0.05,32,10,1,-1,90,20,3,24;0.5,16,10,1,-1,0,20,72,1;0.5,16,10,-1,1,90,20,3,1;0.5,16,5,1,1,90,8,72,24;0.5,32,10,-1,-1,0,8,72,24;0.5,32,5,1,-1,90,8,3,1;0.5,32,5,-1,1,0,20,3,24;"/-->
<!-- parameter name="taskParams" type="list" value_type="string" values="0.1,16,5,1,-1,0,8,3,12;0.1,16,5,1,-1,0,8.5,36,1;0.1,16,5,1,1,0,9,3,1;0.1,16,5,1,1,0,9.5,36,12;0.1,32,5,1,-1,0,10,3,1;0.1,32,5,1,-1,0,10.5,36,12;0.1,32,5,1,1,0,11,3,12;0.1,32,5,1,1,0,11.5,36,1;1,16,5,1,-1,0,12,3,1;1,16,5,1,-1,0,12.5,36,12;1,16,5,1,1,0,13,3,12;1,16,5,1,1,0,13.5,36,1;1,32,5,1,-1,0,14,3,12;1,32,5,1,-1,0,14.5,36,1;1,32,5,1,1,0,15,3,1;1,32,5,1,1,0,15.5,36,12;"/-->

<!-- parameter name="taskParams" type="list" value_type="string" values="1.131,31.000,5.000,1.000,-1.000,86.000,18.000,27.000,20.000;"/-->

<parameter name="num_requestors" type="number" start="1" end="1" step="1"/>
<parameter name="callFrequecy" type="number" start="60" end="60" step="1"/>
<parameter name="requiredTime" type="number" start="20" end="20" step="1"/>
<parameter name="num_agents_us" type="number" start="78" end="78" step="1"/>
<parameter name="num_agents_ph" type="number" start="55" end="55" step="1"/>
<parameter name="num_agents_in" type="number" start="29" end="29" step="1"/>
<parameter name="num_agents_other" type="number" start="38" end="38" step="1"/>

<parameter name="grid_height" type="number" start="50" end="50" step="1"/>
<parameter name="grid_width" type="number" start="100" end="100" step="1"/>

<parameter name="stopTime" type="number" start="50080" end="50080" step="1"/>

</sweep>